{
    "title": {
        "text": "世界人口总量",
        "subtext": "数据来自网络"
    },
    "legend": {
        "data": ["2011年", "2012年"]
    },
    
    "yAxis": {
        "type": "category",
        "data": ["巴西","印尼","美国","印度","中国","世界人口(万)"]
    },
    "series": [
        {
            "name": "2011年",
            "data": [18203, 23489, 29034, 104970, 131744, 630230]
        },
        {
            "name": "2012年",
            "data": [19325, 23438, 31000, 121594, 134141, 681807]
        }
    ]
}
